date_releve;source;modele;finition;annee;km;prix;ville;origine_location;cote_source
28.09.2026;automobile.tn/occasion;Toyota Agya;BVM 5 cv;2021;54000;38500;Monastir;non precise;prix equitable
28.09.2026;automobile.tn/occasion;Toyota Agya;BVA 5 cv;2021;44000;40000;Tunis;non precise;prix equitable
28.09.2026;automobile.tn/occasion;Toyota Agya Populaire;BVM 4 cv;2022;29000;38500;Bizerte;non precise;prix eleve
28.09.2026;automobile.tn/occasion;Toyota Agya Populaire;BVM 4 cv;2023;110000;33000;Monastir;non precise;prix equitable
28.09.2026;tayara.tn;Toyota Agya;;;;32000;Ariana;non precise;
28.09.2026;tayara.tn;Toyota Agya;;;;37900;Tunis (La Marsa);non precise;
28.09.2026;tayara.tn;Toyota Agya;BVM 1ere main 3 ans;2023;;35500;Tunis;non precise;
28.09.2026;tayara.tn;Toyota Agya;;;;35000;Sousse;non precise;
28.09.2026;tayara.tn;Toyota Agya;1ere main;;;35900;Ariana;non precise;
28.09.2026;tayara.tn;Toyota Agya;;;;39998;Tunis;non precise;
28.09.2026;tayara.tn;Toyota Agya;1.2 4 cyl 1ere main;;51000;40000;Tunis;non precise;
28.09.2026;tayara.tn;Toyota Agya;;2022;;35000;Kebili;non precise;
28.09.2026;tayara.tn;Toyota Agya;1.2 L essence;;;39000;Monastir;non precise;
28.09.2026;tayara.tn;Toyota Agya;1.2 5 cv;;;34500;Tunis;non precise;
