date_releve;source;modele;annee;km;prix;ville;boite
28.09.2026;automobile.tn;Toyota Agya;2021;54000;38500;Monastir;Manuelle
28.09.2026;automobile.tn;Toyota Agya;2021;44000;40000;Tunis;Automatique
28.09.2026;automobile.tn;Toyota Agya Populaire;2022;29000;38500;Bizerte;Manuelle
28.09.2026;automobile.tn;Toyota Agya Populaire;2023;110000;33000;Monastir;Manuelle
28.09.2026;automobile.tn;Hyundai i10;2022;106000;38500;Sousse;Automatique
28.09.2026;automobile.tn;KIA Picanto;2023;95000;42900;Ariana;Manuelle
28.09.2026;automobile.tn;KIA Picanto;2020;97061;43000;Ariana;Manuelle
28.09.2026;automobile.tn;KIA Picanto;2024;20000;43500;Tunis;Manuelle
28.09.2026;automobile.tn;KIA Picanto;2017;101800;31500;Sfax;Manuelle
28.09.2026;automobile.tn;KIA Picanto;2022;49837;40000;Sousse;Manuelle
28.09.2026;automobile.tn;KIA Picanto;2024;31200;49000;Bizerte;Manuelle
28.09.2026;automobile.tn;KIA Picanto;2024;89000;44000;Tunis;Manuelle
28.09.2026;automobile.tn;KIA Picanto;2021;100000;41500;Ben Arous;Manuelle
28.09.2026;automobile.tn;KIA Picanto;2022;165000;35000;Tunis;Manuelle
28.09.2026;automobile.tn;KIA Picanto;2023;29000;52000;Ariana;Automatique
28.09.2026;automobile.tn;KIA Picanto;2023;70000;43500;Tunis;Automatique
28.09.2026;automobile.tn;Peugeot 208;2019;28000;33000;Sfax;Manuelle
28.09.2026;automobile.tn;Peugeot 208;2022;101000;35900;Ben Arous;Manuelle
28.09.2026;automobile.tn;Peugeot 208;2024;18500;45000;Sfax;Manuelle
28.09.2026;automobile.tn;Peugeot 208;2021;119000;37900;Ben Arous;Manuelle
28.09.2026;automobile.tn;Peugeot 208;2019;146000;28000;Ariana;Manuelle
28.09.2026;automobile.tn;Peugeot 208;2022;68000;38900;Ariana;Manuelle
28.09.2026;automobile.tn;Peugeot 208;2019;116000;29500;Ben Arous;Manuelle
28.09.2026;automobile.tn;Peugeot 208;2017;112000;27500;Ariana;Manuelle
28.09.2026;automobile.tn;Peugeot 208;2016;127000;29900;Ben Arous;Manuelle
28.09.2026;automobile.tn;Peugeot 208;2021;171000;51000;Ariana;Manuelle
28.09.2026;automobile.tn;Peugeot 208;2021;87000;37500;Tunis;Manuelle
28.09.2026;automobile.tn;Peugeot 208;2021;29000;45000;Tunis;Manuelle
28.09.2026;automobile.tn;Renault Clio;2025;28000;59500;Tunis;Manuelle
28.09.2026;automobile.tn;Renault Clio;2021;130000;39500;Ben Arous;Manuelle
28.09.2026;automobile.tn;Renault Clio;2022;167000;35500;Tunis;Manuelle
28.09.2026;automobile.tn;Renault Clio;2024;120000;53000;Tunis;Manuelle
28.09.2026;automobile.tn;Renault Clio;2024;30000;59000;Ariana;Manuelle
28.09.2026;automobile.tn;Renault Clio;2024;31000;60000;Medenine;Manuelle
28.09.2026;automobile.tn;Renault Clio;2016;167000;34900;Sousse;Manuelle
28.09.2026;automobile.tn;Renault Clio;2005;250000;23000;Tunis;Manuelle
28.09.2026;automobile.tn;Renault Clio;2018;150000;35000;Ariana;Manuelle
28.09.2026;automobile.tn;Renault Clio;2022;55000;55000;Gabes;Manuelle
28.09.2026;automobile.tn;Renault Clio;2021;112000;45500;Ben Arous;Manuelle
28.09.2026;automobile.tn;Renault Clio;2023;30000;49000;Ariana;Manuelle
28.09.2026;automobile.tn;Suzuki Swift;2022;103000;41500;Ariana;Manuelle
28.09.2026;automobile.tn;Suzuki Swift;2021;70800;41000;Ben Arous;Manuelle
28.09.2026;automobile.tn;Suzuki Swift;2020;104000;38000;Sousse;Automatique
28.09.2026;automobile.tn;Suzuki Swift;2021;144000;38000;Sousse;Automatique
28.09.2026;automobile.tn;Suzuki Swift;2024;80000;44500;Tunis;Automatique
28.09.2026;automobile.tn;Suzuki Swift;2022;80000;42000;Tunis;Manuelle
28.09.2026;automobile.tn;Dacia Sandero;2017;152000;23500;Ben Arous;Manuelle
28.09.2026;automobile.tn;Dacia Sandero;2023;114000;53000;Ben Arous;Manuelle
28.09.2026;automobile.tn;Dacia Sandero;2022;39600;47600;Tunis;Manuelle
28.09.2026;automobile.tn;Dacia Sandero;2015;195000;31500;Tunis;Manuelle
28.09.2026;automobile.tn;Dacia Sandero;2023;49000;50000;Tunis;Manuelle
28.09.2026;automobile.tn;Hyundai i20;2023;80000;62000;Tunis;Automatique
28.09.2026;automobile.tn;Hyundai i20;2022;175000;45500;Ben Arous;Manuelle
28.09.2026;automobile.tn;Hyundai i20;2023;105000;58000;Ben Arous;Automatique
28.09.2026;automobile.tn;Hyundai i20;2021;122000;53000;Tunis;Automatique
28.09.2026;automobile.tn;Hyundai i20;2022;55000;62500;Tunis;Automatique
28.09.2026;automobile.tn;Hyundai i20;2024;28000;68000;Tunis;Automatique
28.09.2026;automobile.tn;Hyundai i20;2021;52000;43000;Ariana;Manuelle
28.09.2026;automobile.tn;Hyundai i20;2023;130000;45900;Tunis;Manuelle
28.09.2026;automobile.tn;Hyundai i20;2021;165000;42000;Tunis;Manuelle
28.09.2026;automobile.tn;Hyundai i20;2022;96000;49000;Ariana;Manuelle
28.09.2026;automobile.tn;Hyundai i20;2019;61500;43500;Tunis;Manuelle
28.09.2026;automobile.tn;Nissan Qashqai;2025;7032;115000;Sfax;Automatique
28.09.2026;automobile.tn;Nissan Qashqai;2011;400000;38500;Ariana;Manuelle
28.09.2026;automobile.tn;Nissan Qashqai;2015;197000;45500;Tunis;Manuelle
28.09.2026;automobile.tn;Nissan Qashqai;2015;186008;50000;La Manouba;Automatique
28.09.2026;automobile.tn;Nissan Qashqai;2015;67000;55500;Tunis;Manuelle
28.09.2026;automobile.tn;Nissan Qashqai;2019;120000;66500;Sousse;Automatique
28.09.2026;automobile.tn;Nissan Qashqai;2015;270000;47000;Sfax;Manuelle
28.09.2026;automobile.tn;Nissan Qashqai;2016;140000;52000;Tunis;Manuelle
28.09.2026;automobile.tn;Nissan Qashqai;2011;270000;35000;Nabeul;Manuelle
28.09.2026;automobile.tn;Nissan Qashqai;2019;118868;60000;Ariana;Automatique
28.09.2026;automobile.tn;Citroen C3;2018;80000;36000;Tunis;Automatique
28.09.2026;automobile.tn;Citroen C3;2017;154000;31500;Ariana;Manuelle
28.09.2026;automobile.tn;Citroen C3;2012;249000;24000;Tunis;Manuelle
28.09.2026;automobile.tn;Citroen C3;2024;21000;38500;Nabeul;Manuelle
28.09.2026;automobile.tn;Citroen C3;2018;48500;40000;Sfax;Manuelle
28.09.2026;automobile.tn;Citroen C3;2007;262000;19000;La Manouba;Manuelle
28.09.2026;automobile.tn;Renault Symbol;2017;139000;39000;Medenine;Manuelle
28.09.2026;automobile.tn;Renault Symbol;2009;311000;25000;Medenine;Manuelle
28.09.2026;automobile.tn;Renault Symbol;2009;251000;24500;Nabeul;Manuelle
28.09.2026;automobile.tn;Renault Symbol;2017;190000;36000;La Manouba;Manuelle
28.09.2026;automobile.tn;Renault Symbol;2012;133000;26000;Bizerte;Manuelle
28.09.2026;automobile.tn;Peugeot 301;2013;126000;28900;Sousse;Manuelle
28.09.2026;automobile.tn;Volkswagen Tiguan;2018;103000;119000;Tunis;Automatique
28.09.2026;automobile.tn;Volkswagen Tiguan;2026;3700;185000;Sfax;Automatique
28.09.2026;automobile.tn;Volkswagen Tiguan;2012;217000;42500;Ariana;Manuelle
28.09.2026;automobile.tn;Volkswagen Tiguan;2014;30000;69000;Ben Arous;Automatique
28.09.2026;automobile.tn;Volkswagen Tiguan;2022;68000;145000;Ben Arous;Automatique
28.09.2026;automobile.tn;Volkswagen Tiguan;2013;220000;64000;Ben Arous;Automatique
28.09.2026;automobile.tn;Volkswagen Tiguan;2021;97000;119000;Ben Arous;Automatique
28.09.2026;automobile.tn;Volkswagen Tiguan;2022;88000;118000;Ben Arous;Automatique
28.09.2026;automobile.tn;Volkswagen Tiguan;2023;62965;125000;Ariana;Automatique
28.09.2026;automobile.tn;Volkswagen Tiguan;2025;22000;169000;Tunis;Automatique
28.09.2026;automobile.tn;Volkswagen Tiguan;2023;36654;104000;Ariana;Automatique
28.09.2026;automobile.tn;Volkswagen Tiguan;2022;39000;105000;Ariana;Automatique
28.09.2026;automobile.tn;Hyundai Tucson;2022;109804;115000;Sfax;Automatique
28.09.2026;automobile.tn;Hyundai Tucson;2022;117213;114900;Bizerte;Automatique
28.09.2026;automobile.tn;Hyundai Tucson;2020;127000;78000;Ben Arous;Automatique
28.09.2026;automobile.tn;Hyundai Tucson;2020;147000;67500;Ariana;Automatique
28.09.2026;automobile.tn;Hyundai Tucson;2022;41000;110000;Ben Arous;Automatique
28.09.2026;automobile.tn;Hyundai Tucson;2020;157230;75000;Ariana;Automatique
28.09.2026;automobile.tn;Hyundai Tucson;2012;185000;44500;Tunis;Automatique
28.09.2026;automobile.tn;Hyundai Tucson;2021;113000;95000;Tunis;Automatique
28.09.2026;automobile.tn;Hyundai Tucson;2022;97400;85900;Monastir;Automatique
28.09.2026;automobile.tn;Hyundai Tucson;2019;99000;78000;Beja;Manuelle
28.09.2026;automobile.tn;Hyundai Tucson;2023;66717;123000;Ben Arous;Automatique
28.09.2026;automobile.tn;Hyundai Tucson;2023;64900;95000;Medenine;Automatique
28.09.2026;automobile.tn;Seat Ibiza;2023;108000;53000;Ben Arous;Automatique
28.09.2026;automobile.tn;Seat Ibiza;2024;49500;67000;Ariana;Manuelle
28.09.2026;automobile.tn;Seat Ibiza;2021;180000;42000;Tunis;Manuelle
28.09.2026;automobile.tn;Seat Ibiza;2023;50000;62500;Ariana;Manuelle
28.09.2026;automobile.tn;Seat Ibiza;2017;135000;35000;Gabes;Manuelle
28.09.2026;automobile.tn;Seat Ibiza;2021;30500;48000;Ben Arous;Manuelle
28.09.2026;automobile.tn;Volkswagen Golf 7;2018;170000;72000;Tunis;Automatique
28.09.2026;automobile.tn;Volkswagen Golf 7;2016;348000;42500;Tunis;Manuelle
28.09.2026;automobile.tn;Volkswagen Golf 7;2013;110899;60000;Sfax;Automatique
28.09.2026;automobile.tn;Volkswagen Golf 7;2014;225000;45000;Sousse;Manuelle
28.09.2026;automobile.tn;Volkswagen Golf 7;2017;202000;56000;Ben Arous;Manuelle
28.09.2026;automobile.tn;Volkswagen Golf 7;2014;230000;42500;Ben Arous;Manuelle
28.09.2026;automobile.tn;Volkswagen Golf 7;2020;155000;79900;Ben Arous;Automatique
28.09.2026;automobile.tn;Volkswagen Golf 7;2015;240000;43000;Tunis;Automatique
28.09.2026;automobile.tn;Volkswagen Golf 7;2020;132000;67000;Tunis;Automatique
28.09.2026;automobile.tn;Volkswagen Golf 7;2015;111000;56000;Ariana;Manuelle
28.09.2026;automobile.tn;Volkswagen Golf 7;2016;90000;75000;Ben Arous;Automatique
28.09.2026;automobile.tn;Volkswagen Golf 7;2014;172000;42000;Ariana;Manuelle
28.09.2026;automobile.tn;Dacia Duster;2024;61000;98500;Sousse;Automatique
28.09.2026;automobile.tn;Dacia Duster;2024;28000;97400;Tunis;Automatique
28.09.2026;automobile.tn;Mercedes-Benz Classe C;2019;157000;128800;Tunis;Automatique
28.09.2026;automobile.tn;Mercedes-Benz Classe C;2014;175000;75000;Ariana;Automatique
28.09.2026;automobile.tn;Mercedes-Benz Classe C;2022;105000;145000;Tunis;Automatique
28.09.2026;automobile.tn;Mercedes-Benz Classe C;2024;63482;175000;Sfax;Automatique
28.09.2026;automobile.tn;Mercedes-Benz Classe C;2021;29700;175000;Medenine;Automatique
28.09.2026;automobile.tn;Mercedes-Benz Classe C;2015;241000;69500;Ben Arous;Automatique
28.09.2026;automobile.tn;Mercedes-Benz Classe C;2006;375000;43000;Ariana;Automatique
28.09.2026;automobile.tn;Mercedes-Benz Classe C;2016;106000;75000;Tunis;Automatique
28.09.2026;automobile.tn;Mercedes-Benz Classe C;2012;347000;48000;Ariana;Automatique
28.09.2026;automobile.tn;Mercedes-Benz Classe C;2022;70000;109500;Ariana;Automatique
28.09.2026;automobile.tn;Mercedes-Benz Classe C;2023;64000;160000;Ben Arous;Automatique
28.09.2026;automobile.tn;Mercedes-Benz Classe C;2009;361000;38000;Ben Arous;Automatique
28.09.2026;automobile.tn;BMW Serie 3;2015;100000;69000;Tunis;Automatique
28.09.2026;automobile.tn;BMW Serie 3;2021;64800;114000;Tunis;Automatique
28.09.2026;automobile.tn;BMW Serie 3;2013;149000;49500;Ben Arous;Automatique
28.09.2026;automobile.tn;BMW Serie 3;2010;266000;37000;Ben Arous;Manuelle
28.09.2026;automobile.tn;BMW Serie 3;2015;154000;60000;Ben Arous;Automatique
28.09.2026;automobile.tn;BMW Serie 3;2010;229000;37000;Ben Arous;Manuelle
28.09.2026;automobile.tn;BMW Serie 3;2018;177000;78000;Ben Arous;Automatique
28.09.2026;automobile.tn;BMW Serie 3;2023;17403;146000;Ariana;Automatique
28.09.2026;automobile.tn;BMW Serie 3;2024;33600;142000;Ariana;Automatique
28.09.2026;automobile.tn;BMW Serie 3;2013;173000;52500;Tunis;Automatique
28.09.2026;automobile.tn;BMW Serie 3;2016;218000;59000;Sousse;Automatique
28.09.2026;automobile.tn;BMW Serie 3;2015;245000;55000;Ben Arous;Manuelle
