modele;annee;prix;km
Hyundai i10;2019;34000;115000
Hyundai i10;2022;36500;16800
Hyundai i10;2022;36500;38000
Hyundai i10;2013;25500;190000
Hyundai i10;2021;35000;90000
Hyundai i10;2016;27500;176000
Hyundai i10;2019;34000;131300
Hyundai i10;2023;35000;155000
Hyundai i10;2022;35500;115000
Hyundai i10;2024;40000;28000
Hyundai i10;2024;40000;40000
Hyundai i10;2023;36500;91053
Hyundai i10;2019;34000;102000
Hyundai i10;2024;40000;14000
Hyundai i10;2022;36500;31000
Hyundai i10;2016;27500;306000
Hyundai i10;2021;35500;95000
Hyundai i10;2023;29900;100000
Hyundai i10;2016;32000;259300
Hyundai i10;2023;41000;85000
Hyundai i10;2016;26000;188000
Hyundai i10;2024;45000;6000
Hyundai i10;2022;31500;140000
Hyundai i10;2022;38500;33000
Hyundai i10;2016;30000;215222
Hyundai i10;2015;24500;219000
Hyundai i10;2023;44000;48000
Hyundai i10;2023;31500;140000
Hyundai i10;2016;30000;126000
Hyundai i10;2017;26000;220000
Hyundai i10;2018;34000;190000
Hyundai i10;2015;21000;1900
Hyundai i10;2023;44000;40000
Hyundai i10;2017;28500;99000
Hyundai i10;2022;49000;75000
Hyundai i10;2024;44500;34000
Toyota Yaris;2021;36500;40000
Toyota Yaris;2020;41000;85000
Toyota Yaris;2018;33500;138420
Toyota Yaris;2019;42000;29000
Toyota Yaris;2026;19000;1600
Toyota Yaris;2022;39000;56000
Toyota Yaris;2013;29000;220000
Toyota Yaris;2020;38000;94000
Toyota Yaris;2021;36500;81000
Toyota Yaris;2021;1111;90000
Toyota Yaris;2020;46500;144000
Toyota Yaris;2017;38000;244399
Toyota Yaris;2012;34000;109758
Toyota Yaris;2017;44000;73000
Toyota Yaris;2020;50000;97134
Toyota Yaris;2024;66000;15000
Toyota Yaris;2021;36500;90000
Toyota Yaris;2014;34000;203000
Toyota Yaris;2022;36500;90000
Seat Ibiza;2019;36000;109000
Seat Ibiza;2011;28000;70000
Seat Ibiza;2022;47000;70000
Seat Ibiza;2018;34000;117500
Seat Ibiza;2021;48500;91000
Seat Ibiza;2022;123000;68000
Seat Ibiza;2019;36000;64000
Seat Ibiza;2016;31000;158000
Seat Ibiza;2017;31500;165000
Seat Ibiza;2013;24500;176000
Seat Ibiza;2015;28000;150000
Seat Ibiza;2015;28000;139750
Seat Ibiza;2013;36000;210000
Seat Ibiza;2017;31500;217000
Seat Ibiza;2014;29900;187000
Seat Ibiza;2020;49500;49900
Seat Ibiza;2017;26000;207000
Seat Ibiza;2012;29800;270000
Seat Ibiza;2017;30000;206000
Seat Ibiza;2021;54000;147000
Seat Ibiza;2012;29800;201000
Seat Ibiza;2021;49000;120000
Seat Ibiza;2019;47000;51000
Seat Ibiza;2016;33000;148000
Seat Ibiza;2018;31000;180000
Seat Ibiza;2018;35000;288000
Seat Ibiza;2019;42000;89000
Seat Ibiza;2019;37500;219000
Seat Ibiza;2021;56000;92000
Seat Ibiza;2022;66000;79400
Seat Ibiza;2015;12345;150000
Dacia Sandero;2025;56000;32000
Dacia Sandero;2023;55000;50000
Dacia Sandero;2021;11000;46000
Dacia Sandero;2023;46000;38000
Dacia Sandero;2023;52000;100000
Dacia Sandero;2016;16000;606200
Dacia Sandero;2024;60000;50000
Dacia Sandero;2021;40000;122000
Dacia Sandero;2013;16800;300000
Dacia Sandero;2022;321;43000
Dacia Sandero;2015;124000;313000
Dacia Sandero;2017;30000;112000
Dacia Sandero;2014;28000;263342
Dacia Sandero;2015;27500;264000
Dacia Sandero;2014;56000;14000
Dacia Sandero;2023;46000;50000
Dacia Sandero;2016;35000;205000
Dacia Sandero;2010;22500;270000
Peugeot 208;2020;29500;90000
Peugeot 208;2020;31500;165000
Peugeot 208;2018;24600;132000
Peugeot 208;2016;32000;220000
Peugeot 208;2021;36000;106000
Peugeot 208;2015;32000;76000
Peugeot 208;2020;31000;114000
Peugeot 208;2015;32000;179000
Peugeot 208;2023;38500;2300
Peugeot 208;2023;39500;23000
Peugeot 208;2016;22000;250000
Peugeot 208;2014;20800;300000
Peugeot 208;2019;32500;38700
Peugeot 208;2014;29500;136000
Peugeot 208;2020;32000;80000
Peugeot 208;2022;30000;85000
Peugeot 208;2026;33000;60
Peugeot 208;2021;26800;124000
Peugeot 208;2016;23500;128000
Peugeot 208;2019;28900;90000
Peugeot 208;2016;28000;89000
Peugeot 208;2017;26800;124000
Peugeot 208;2021;1234;93782
Peugeot 208;2024;55000;37000
Peugeot 208;2026;87000;33000
Peugeot 208;2013;25000;145000
Peugeot 208;2018;24000;189461
Peugeot 208;2023;37500;77000
Peugeot 208;2020;32000;158000
Peugeot 208;2018;27500;198000
Peugeot 208;2015;27500;171000
Peugeot 208;2016;29500;134771
Peugeot 208;2023;38500;20000
Peugeot 208;2013;37750;260000
Peugeot 208;2022;42500;71000
Peugeot 208;2024;57000;30000
Peugeot 208;2015;27500;127000
Peugeot 208;2023;38000;77000
Peugeot 208;2019;33000;177000
Peugeot 208;2019;25000;1400
KIA Picanto;2020;34000;109000
KIA Picanto;2022;37000;35868
KIA Picanto;2024;40500;60000
KIA Picanto;2017;31000;113602
KIA Picanto;2021;38800;59500
KIA Picanto;2023;39000;116000
KIA Picanto;2020;39000;130000
KIA Picanto;2023;37000;90000
KIA Picanto;2021;46500;80000
KIA Picanto;2016;33800;130000
KIA Picanto;2016;32800;160000
KIA Picanto;2024;41000;26000
KIA Picanto;2010;26000;104000
KIA Picanto;2016;28000;151000
KIA Picanto;2012;27000;161950
KIA Picanto;2022;38500;95300
KIA Picanto;2018;36000;70000
KIA Picanto;2012;30000;243000
KIA Picanto;2016;33800;130000
KIA Picanto;2020;39500;9000
KIA Picanto;2023;385000;104000
KIA Picanto;2023;42500;18000
KIA Picanto;2019;39500;145000
KIA Picanto;2017;33500;106000
KIA Picanto;2023;39800;83000
KIA Picanto;2022;30500;150000
KIA Picanto;2014;26000;220000
KIA Picanto;2012;30000;150000
KIA Picanto;2012;30000;150000
KIA Picanto;2023;39900;100000
KIA Picanto;2021;36000;72000
KIA Picanto;2021;40000;117500
KIA Picanto;2017;31000;157000
KIA Picanto;2020;34500;80000
KIA Picanto;2024;39500;120000
KIA Picanto;2024;44000;15500
KIA Picanto;2020;39500;44600
KIA Picanto;2025;51000;16000
KIA Picanto;2022;34000;120000
KIA Picanto;2021;1111;60000
Volkswagen Golf;1978;8000;250000
Volkswagen Golf;2020;48000;350000
Volkswagen Golf;2012;42000;227000
Volkswagen Golf;2022;111111;95000
Volkswagen Golf;2019;72000;108000
Volkswagen Golf;2021;74800;99000
Volkswagen Golf;2020;48000;350000
Volkswagen Golf;2022;75000;174000
Volkswagen Golf;2018;49000;340000
Volkswagen Golf;2008;27000;290000
Volkswagen Golf;2021;84000;135000
Volkswagen Golf;2013;41500;199000
Volkswagen Golf;2021;75000;128000
Volkswagen Golf;2002;26500;
Volkswagen Golf;2013;43000;251000
Volkswagen Golf;2014;50000;192000
Volkswagen Golf;2012;40000;227000
Volkswagen Golf;2018;57500;156000
Volkswagen Golf;2016;60000;90000
Volkswagen Golf;2019;62000;126000
Volkswagen Golf;2021;75800;99000
Volkswagen Golf;2012;38000;300000
Volkswagen Golf;2012;45000;110000
Volkswagen Golf;2011;45000;245000
Volkswagen Golf;2000;24000;230000
Volkswagen Golf;2020;123000;130000
Volkswagen Golf;2011;52000;280000
Volkswagen Golf;2012;34000;235000
Volkswagen Golf;2019;68000;112000
Volkswagen Golf;2018;1111;156000
Volkswagen Golf;2011;35000;235000
Volkswagen Golf;2013;41000;242500
Volkswagen Golf;2010;34000;271000
Volkswagen Golf;2011;39000;224000
Volkswagen Golf;2010;32000;
Volkswagen Golf;2015;58000;116000
Volkswagen Golf;2018;52000;205000
Volkswagen Golf;2013;41000;
Renault Clio;2023;38500;83000
Renault Clio;2007;12345;210000
Renault Clio;2017;39000;70000
Renault Clio;2021;38500;138000
Renault Clio;2022;40000;57000
Renault Clio;2021;36000;190000
Renault Clio;2022;39000;105000
Renault Clio;2008;28000;153000
Renault Clio;2007;17000;220300
Renault Clio;2004;16000;420000
Renault Clio;2013;23000;229000
Renault Clio;2023;38500;145000
Renault Clio;2013;34000;163000
Renault Clio;2016;32500;188000
Renault Clio;1996;13000;320000
Renault Clio;2010;20500;164000
Renault Clio;2018;35500;430000
Renault Clio;2009;26500;209000
Renault Clio;2017;42000;125000
Renault Clio;2018;35000;165000
Renault Clio;2018;35500;270000
Renault Clio;2021;38000;152000
Renault Clio;2021;46000;690000
Renault Clio;2007;19500;270000
Renault Clio;2022;40000;100000
Renault Clio;2007;17500;30000
Renault Clio;2021;45000;100000
Renault Clio;2003;21000;300000
Renault Clio;2019;37000;150000
Renault Clio;2010;24000;210000
Renault Clio;2021;37000;127000
Renault Clio;2017;40000;146000
Renault Clio;2009;23000;270000
Renault Clio;2008;28000;153000
Renault Clio;2016;37500;105000
Renault Clio;2017;34000;214000
Renault Clio;2007;26000;236000
Renault Clio;2022;37500;165000
Renault Clio;2019;43000;104000
Renault Clio;2001;21000;420000
Renault Clio;2008;22800;230000
Volkswagen Polo;2014;28500;272750
Volkswagen Polo;2007;24000;199000
Volkswagen Polo;2004;19400;220000
Volkswagen Polo;2000;15800;230000
Dacia Duster;2014;40000;149000
Dacia Duster;2012;34500;215000
Dacia Duster;2018;54400;153000
Citroën C3;2022;42000;128000
Citroën C3;2021;34500;149000
Citroën C3;2009;17000;310000
Citroën C3;2017;25000;155000
Citroën C3;2016;22000;138000
Citroën C3;2022;45997;108000
Citroën C3;2020;27000;160000
Citroën C3;2007;14500;267000
Citroën C3;2017;33000;155000
Citroën C3;2009;24000;180000
Citroën C3;2006;16000;181000
Citroën C3;2009;23700;20000
Citroën C3;2021;42000;152000
Citroën C3;2016;24000;120000
Citroën C3;2026;48000;
Citroën C3;2020;29000;166000
Citroën C3;2022;42000;150000
Citroën C3;2018;28000;270000
Citroën C3;2019;23000;198000
Citroën C3;2020;34500;79000
Citroën C3;2018;32000;159000
Citroën C3;2020;34000;100000
Citroën C3;2024;43000;27000
Citroën C3;2008;23000;200000
Citroën C3;2005;22500;253000
Citroën C3;2019;49500;46891
Citroën C3;2006;21000;205000
Citroën C3;2017;30000;147000
Citroën C3;2012;27500;280000
Citroën C3;2020;32800;160000
Citroën C3;2017;35000;132000
Citroën C3;2009;22500;168800
Citroën C3;2020;32000;76000
Hyundai i20;2025;58000;23400
Hyundai i20;2021;41000;150000
Hyundai i20;2022;47000;103000
Hyundai i20;2021;42500;149000
Hyundai i20;2018;36000;156000
Hyundai i20;2018;41000;82000
Hyundai i20;2021;55000;248000
Hyundai i20;2022;58200;98000
Hyundai i20;2025;63500;15000
Hyundai i20;2018;37500;169000
Hyundai i20;2024;63500;16000
Hyundai i20;2022;38000;200000
Hyundai i20;2021;47000;130000
Hyundai i20;2021;65000;11000
Hyundai i20;2022;55000;130000
Hyundai i20;2013;29000;146000
Hyundai i20;2022;61000;16000
Hyundai i20;2021;48000;79000
Hyundai i20;2012;29000;92000
Hyundai i20;2021;47000;110000
Hyundai i20;2022;55000;13000
Hyundai i20;2020;50000;95000
Hyundai i20;2023;68000;61000
Hyundai i20;2023;57000;79000
Hyundai i20;2025;68000;15000
Hyundai i20;2016;39000;50600
Hyundai i20;2023;54000;120000
Hyundai i20;2016;37000;150000
Hyundai i20;2012;26000;185000
Hyundai i20;2019;49000;77000
Hyundai i20;2020;39500;
Hyundai i20;2021;63000;76000
Hyundai i20;2020;34000;191000
Hyundai Tucson;2023;89990;104000
Hyundai Tucson;2022;115000;38000
Hyundai Tucson;2019;73000;192000
Hyundai Tucson;2020;75000;155000
Hyundai Tucson;2007;46000;180000
Hyundai Tucson;2022;118000;99000
Hyundai Tucson;2025;125000;
Hyundai Tucson;2019;103000;90000
Nissan Qashqai;2021;64000;140000
Nissan Qashqai;2021;70000;71000
Nissan Qashqai;2016;48500;
Nissan Qashqai;2018;57500;44000
Nissan Qashqai;2021;65999;147000
Nissan Qashqai;2011;36000;235000
Nissan Qashqai;2017;52000;158000
Nissan Qashqai;2008;44500;177000
Nissan Qashqai;2009;33500;320000
Nissan Qashqai;2010;44000;340000
Nissan Qashqai;2016;55000;138000
Nissan Qashqai;2020;60000;94000
Nissan Qashqai;2018;72000;199000
Nissan Qashqai;2018;72000;105000
Nissan Qashqai;2015;45000;156000
Nissan Qashqai;2017;58000;138000
Nissan Qashqai;2019;52000;126000
Nissan Qashqai;2012;46000;156800
Nissan Qashqai;2018;65000;193000
Nissan Qashqai;2017;67000;120000
Nissan Qashqai;2010;37000;360000
Nissan Qashqai;2015;38000;140000
Nissan Qashqai;2011;40000;283000
Nissan Qashqai;2017;68000;98300
Nissan Qashqai;2017;65000;148000
Nissan Qashqai;2017;57000;115000
Nissan Qashqai;2017;46500;175000
Nissan Qashqai;2021;58500;227000
Nissan Qashqai;2009;33000;270200
Nissan Qashqai;2015;43000;240000
Nissan Qashqai;2015;41500;140000
Nissan Qashqai;2017;52000;
Nissan Qashqai;2013;42000;265000
Nissan Qashqai;2019;51000;123000
Nissan Qashqai;2013;43000;208000
Peugeot 301;2013;21000;240000
Peugeot 301;2019;29000;120000
Peugeot 301;2023;34700;90000
Peugeot 301;2016;19000;240000
Peugeot 301;2023;34500;115000
Peugeot 301;2018;25000;185000
Peugeot 301;2014;16500;240000
Peugeot 301;2018;26500;230000
Peugeot 301;2014;18500;301000
Peugeot 301;2022;34500;90000
Peugeot 301;2015;27000;194000
Peugeot 301;2018;14000;400000
Peugeot 301;2018;22000;76000
Peugeot 301;2014;24000;117000
Peugeot 301;2014;22500;165000
Peugeot 301;2024;40500;200000
Peugeot 301;2015;21500;117000
Peugeot 301;2013;26000;137000
Peugeot 301;2022;33800;90000
Peugeot 301;2013;19500;200000
Peugeot 301;2022;34500;80000
Peugeot 301;2016;22000;156000
Peugeot 301;2017;23500;220000
Peugeot 301;2018;26500;24000
Peugeot 301;2019;28700;130000
Peugeot 301;2017;21000;250000
Peugeot 301;2018;27000;143000
Peugeot 301;2023;34500;87000
Peugeot 301;2024;46000;220000
Renault Symbol;2016;26500;205000
Renault Symbol;2009;26000;245000
Renault Symbol;2013;27000;195000
Renault Symbol;2011;26000;325000
Renault Symbol;2016;33000;235000
Renault Symbol;2010;27500;180000
Renault Symbol;2015;29500;179250
Renault Symbol;2016;34800;60000
Renault Symbol;2011;26000;190000
Renault Symbol;2017;32500;190000
Renault Symbol;2016;29500;261000
Renault Symbol;2011;26500;300000
Renault Symbol;2016;33500;140000
Renault Symbol;2016;33800;59930
Renault Symbol;2010;20000;370000
Renault Symbol;2016;32000;290000
Renault Symbol;2009;22000;390000
Renault Symbol;2010;25000;280000
Renault Symbol;2016;31000;156000
Renault Symbol;2022;40000;71000
Renault Symbol;2013;23800;325000
Renault Symbol;2016;26000;305000
Renault Symbol;2012;27500;193000
Renault Symbol;2011;34999;320000
Renault Symbol;2017;36000;158000
Renault Symbol;2010;27500;220000
Volkswagen Tiguan;2018;119000;103000
Volkswagen Tiguan;2023;110000;140000
Volkswagen Tiguan;2018;76500;107000
Volkswagen Tiguan;2010;49000;200000
Volkswagen Tiguan;2014;75000;200000
Volkswagen Tiguan;2026;195000;9000
Volkswagen Tiguan;2022;149000;51471
Volkswagen Tiguan;2023;117000;65000
Volkswagen Tiguan;2015;69999;50000
Volkswagen Tiguan;2018;95000;176000
Volkswagen Tiguan;2011;41500;240000
Volkswagen Tiguan;2018;85000;170000
Volkswagen Tiguan;2022;98500;68000
Volkswagen Tiguan;2022;120000;53000
Volkswagen Tiguan;2023;118000;80000
Volkswagen Tiguan;2017;90000;63000
Volkswagen Tiguan;2009;43000;270000
Volkswagen Tiguan;2022;107000;60000
Volkswagen Tiguan;2021;120000;83000
Volkswagen Tiguan;2010;39000;192000
Volkswagen Tiguan;2024;174900;50000
Volkswagen Tiguan;2021;99900;81000
Volkswagen Tiguan;2012;50000;233000
Volkswagen Tiguan;2010;55000;171467
Volkswagen Tiguan;2025;137000;25300
Volkswagen Tiguan;2022;115000;120000
Volkswagen Tiguan;2022;112000;78000
Volkswagen Tiguan;2021;105000;97000
Volkswagen Tiguan;2022;92400;48000
Volkswagen Tiguan;2022;125000;187000
Volkswagen Tiguan;2010;35500;225000
Volkswagen Tiguan;2015;74000;45000
Volkswagen Tiguan;2023;120800;90000
Volkswagen Tiguan;2023;117000;80000
Volkswagen Tiguan;2022;119000;80000
Volkswagen Tiguan;2012;60000;200000
Volkswagen Tiguan;2008;32000;180000
Volkswagen Tiguan;2016;75000;155000
Suzuki Swift;2023;38700;82000
Suzuki Swift;2021;38000;128000
Suzuki Swift;2022;41500;103000
Suzuki Swift;2022;45000;59000
Suzuki Swift;2023;50000;29000
Suzuki Swift;2021;48000;40000
Suzuki Swift;2022;44000;68893
Suzuki Swift;2017;32500;250000
Suzuki Swift;2017;24500;360000
Suzuki Swift;2021;37500;108000
Suzuki Swift;2023;57000;40000
Suzuki Swift;2022;49000;28000
Suzuki Swift;2023;45000;47000
Suzuki Swift;2017;31500;118000
Suzuki Swift;2019;39000;140000
Suzuki Swift;2020;26900;140000
Suzuki Swift;2018;34500;92000
Suzuki Swift;2021;37500;160000
Suzuki Swift;2017;33000;94000
Suzuki Swift;2022;38500;115000
Suzuki Swift;2022;39900;74000
Suzuki Swift;2025;52000;21000
Suzuki Swift;2023;33000;220000
Suzuki Swift;2021;34500;119000
Audi A3 Sportback;2019;63500;200000
Audi A3 Sportback;2003;23000;317000
Audi A3 Sportback;2019;68000;178000
Audi A3 Sportback;2015;54000;130000
Audi A3 Sportback;2019;67000;76500
Audi A3 Sportback;2023;120000;49000
Audi A3 Sportback;2013;46000;260000
Audi A3 Sportback;2017;57000;240000
Audi A3 Sportback;2019;67000;133000
Audi A3 Sportback;2020;88000;93000
Audi A3 Sportback;2009;32000;220000
Audi A3 Sportback;2020;78000;159000
Audi A3 Sportback;2020;78000;158000
Audi A3 Sportback;2008;33000;120000
Audi A3 Sportback;2023;112000;22000
Audi A3 Sportback;2023;123000;44000
Audi A3 Sportback;2014;40500;280000
Audi A3 Sportback;2015;48000;160000
Audi A3 Sportback;2007;27600;232000
Audi A3 Sportback;2016;65000;124000
Audi A3 Sportback;2015;54900;141000
Audi A3 Sportback;2010;37000;375000
Audi Q5;2022;145000;88000
Audi Q5;2010;47500;200000
Audi Q5;2013;55000;250000
Audi Q5;2011;42000;170000
Audi Q5;2022;169000;125000
Audi Q5;2017;111000;18000
Audi Q5;2015;97000;135000
BMW Série 5;2008;58000;160000
BMW Série 3;2010;45000;190000
BMW Série 5;2006;37000;433000
BMW X3;2019;158000;22000
BMW Série 3;2022;121000;96000
BMW Série 5;2008;44800;225000
BMW Série 5;2013;87000;170000
BMW Série 5;2015;72000;221000
BMW Série 3;2013;55000;165000
BMW Série 3;2014;56000;200000
BMW Série 3;2013;49000;290000
BMW Série 7;2011;88000;167000
BMW Série 3;2017;68000;100000
BMW X3;2019;160000;22000
BMW Série 3;2015;49500;210000
BMW Série 1;2013;45000;83000
BMW X1;2012;54000;132000
BMW Série 1;2009;31000;
BMW Série 3;2009;41500;186000
BMW X3;2021;149000;94000
BMW Série 1;2016;62000;129000
BMW Série 1;2012;38000;200000
BMW X1;2016;67000;143000
BMW Série 3;2006;33500;330000
BMW Série 3;2011;38000;249000
BMW X1;2022;80000;182000
BMW Série 1;2020;85000;125000
BMW X1;2016;75000;86700
BMW Série 1;2008;30500;210000
Mercedes-Benz Classe E;2012;62500;183000
Mercedes-Benz Classe A;2013;66000;160000
Mercedes-Benz Classe E;2011;70000;98000
Mercedes-Benz Classe C;2012;50000;218000
Mercedes-Benz GLA;2022;135000;55000
Mercedes-Benz CLA;2022;110000;109000
Mercedes-Benz Classe C;2008;46900;288000
Mercedes-Benz GLA;2020;78500;
Mercedes-Benz GLC;2017;89999;200000
Mercedes-Benz Classe C coupé;2013;49000;395000
Mercedes-Benz GLC;2020;197000;94000
Mercedes-Benz GLA;2015;78500;184000
Mercedes-Benz Classe C;2023;155000;90000
Mercedes-Benz Classe C coupé;2015;88000;200000
Mercedes-Benz Classe C;2013;52000;285000
Mercedes-Benz Classe E;2009;57000;332000
Mercedes-Benz Classe A;2022;105000;118000
Mercedes-Benz GLE;2016;145000;140000
Mercedes-Benz Classe C;2017;81999;149000
Mercedes-Benz Classe A;2010;23500;235000
Volvo S60;2009;39000;90000
Volvo XC60;2013;48000;309000
Volvo XC60;2010;44500;218000
Volvo XC60;2010;47000;210000
Volvo XC90;2004;50000;240000
Volvo XC60;2012;58500;200000
